{"buffer_size": 10000.0, "batch_size": 512, "entropy_coeff": 0.003325243752492617, "obs_dim": 3, "state_dim": 3, "act_dim": 1, "act_scaling": 2, "lr_actor": 8.86075460490131e-05, "hidden_dim_actor": 256, "depth_actor": 3, "lr_critic": 0.00022175893266167918, "hidden_dim_critic": 512, "depth_critic": 3}